light_source,measurement,z,z_rel,diameter
green-He-Ne,lens-2W-040s,39,1,249.60000000000002
green-He-Ne,lens-2W-040s,40,2,249.60000000000002
green-He-Ne,lens-2W-040s,41,3,260.0
green-He-Ne,lens-2W-040s,42,4,260.0
green-He-Ne,lens-2W-040s,43,5,265.2
green-He-Ne,lens-2W-040s,44,6,265.2
green-He-Ne,lens-2W-040s,45,7,265.2
green-He-Ne,lens-2W-040s,46,8,275.6
green-He-Ne,lens-2W-040s,47,9,275.6
green-He-Ne,lens-2W-040s,48,10,280.8
green-He-Ne,lens-2W-040s,49,11,280.8
green-He-Ne,lens-2W-040s,50,12,286.0
green-He-Ne,lens-2W-040s,51,13,286.0
green-He-Ne,lens-2W-040s,52,14,286.0
green-He-Ne,lens-2W-040s,53,15,291.2
green-He-Ne,lens-2W-040s,54,16,291.2
green-He-Ne,lens-2W-040s,55,17,286.0
green-He-Ne,lens-2W-040s,56,18,291.2
green-He-Ne,lens-2W-040s,57,19,286.0
green-He-Ne,lens-2W-040s,58,20,280.8
green-He-Ne,lens-2W-040s,59,21,286.0
green-He-Ne,lens-2W-040s,60,22,286.0
green-He-Ne,lens-2W-040s,61,23,291.2
green-He-Ne,lens-2W-040s,62,24,301.6
green-He-Ne,lens-2W-040s,63,25,312.0
green-He-Ne,lens-2W-040s,64,26,306.8
green-He-Ne,lens-2W-040s,65,27,312.0
green-He-Ne,lens-2W-040s,66,28,312.0
green-He-Ne,lens-2W-040s,67,29,317.2
green-He-Ne,lens-2W-040s,68,30,317.2
green-He-Ne,lens-2W-040s,69,31,317.2
green-He-Ne,lens-2W-040s,70,32,332.8
green-He-Ne,lens-2W-040s,71,33,327.6
green-He-Ne,lens-2W-040s,72,34,332.8
green-He-Ne,lens-2W-040s,73,35,327.6
green-He-Ne,lens-2W-040s,74,36,343.2
green-He-Ne,lens-2W-040s,75,37,348.40000000000003
green-He-Ne,lens-2W-040s,76,38,348.40000000000003
green-He-Ne,lens-2W-040s,77,39,348.40000000000003
green-He-Ne,lens-2W-040s,78,40,353.6
green-He-Ne,lens-2W-040s,79,41,369.2
green-He-Ne,lens-2W-040s,80,42,369.2
green-He-Ne,lens-2W-040s,81,43,369.2
green-He-Ne,lens-2W-040s,82,44,374.40000000000003
green-He-Ne,lens-2W-040s,83,45,369.2
green-He-Ne,lens-2W-040s,84,46,374.40000000000003
green-He-Ne,lens-2W-040s,85,47,379.6
green-He-Ne,lens-2W-040s,86,48,384.8
green-He-Ne,lens-2W-040s,87,49,395.2
green-He-Ne,lens-2W-040s,88,50,390.0
green-He-Ne,lens-2W-040s,89,51,400.40000000000003
green-He-Ne,lens-2W-040s,90,52,395.2
green-He-Ne,lens-2W-040s,91,53,410.8
green-He-Ne,lens-2W-040s,92,54,400.40000000000003
green-He-Ne,lens-2W-040s,93,55,416.0
green-He-Ne,lens-2W-040s,94,56,431.6
green-He-Ne,lens-2W-040s,95,57,426.40000000000003
green-He-Ne,lens-2W-040s,96,58,426.40000000000003
green-He-Ne,lens-2W-040s,97,59,426.40000000000003
green-He-Ne,lens-2W-040s,98,60,426.40000000000003
green-He-Ne,lens-2W-040s,99,61,436.8
green-He-Ne,lens-2W-060s,39,1,234.0
green-He-Ne,lens-2W-060s,40,2,234.0
green-He-Ne,lens-2W-060s,41,3,239.20000000000002
green-He-Ne,lens-2W-060s,42,4,239.20000000000002
green-He-Ne,lens-2W-060s,43,5,239.20000000000002
green-He-Ne,lens-2W-060s,44,6,249.60000000000002
green-He-Ne,lens-2W-060s,45,7,244.4
green-He-Ne,lens-2W-060s,46,8,249.60000000000002
green-He-Ne,lens-2W-060s,47,9,254.8
green-He-Ne,lens-2W-060s,48,10,254.8
green-He-Ne,lens-2W-060s,49,11,265.2
green-He-Ne,lens-2W-060s,50,12,265.2
green-He-Ne,lens-2W-060s,51,13,260.0
green-He-Ne,lens-2W-060s,52,14,265.2
green-He-Ne,lens-2W-060s,53,15,265.2
green-He-Ne,lens-2W-060s,54,16,270.40000000000003
green-He-Ne,lens-2W-060s,55,17,275.6
green-He-Ne,lens-2W-060s,56,18,280.8
green-He-Ne,lens-2W-060s,57,19,275.6
green-He-Ne,lens-2W-060s,58,20,270.40000000000003
green-He-Ne,lens-2W-060s,59,21,280.8
green-He-Ne,lens-2W-060s,60,22,270.40000000000003
green-He-Ne,lens-2W-060s,61,23,275.6
green-He-Ne,lens-2W-060s,62,24,280.8
green-He-Ne,lens-2W-060s,63,25,280.8
green-He-Ne,lens-2W-060s,64,26,286.0
green-He-Ne,lens-2W-060s,65,27,291.2
green-He-Ne,lens-2W-060s,66,28,296.40000000000003
green-He-Ne,lens-2W-060s,67,29,296.40000000000003
green-He-Ne,lens-2W-060s,68,30,296.40000000000003
green-He-Ne,lens-2W-060s,69,31,296.40000000000003
green-He-Ne,lens-2W-060s,70,32,301.6
green-He-Ne,lens-2W-060s,71,33,312.0
green-He-Ne,lens-2W-060s,72,34,317.2
green-He-Ne,lens-2W-060s,73,35,327.6
green-He-Ne,lens-2W-060s,74,36,338.0
green-He-Ne,lens-2W-060s,75,37,338.0
green-He-Ne,lens-2W-060s,76,38,348.40000000000003
green-He-Ne,lens-2W-060s,77,39,348.40000000000003
green-He-Ne,lens-2W-060s,78,40,348.40000000000003
green-He-Ne,lens-2W-060s,79,41,353.6
green-He-Ne,lens-2W-060s,80,42,358.8
green-He-Ne,lens-2W-060s,81,43,374.40000000000003
green-He-Ne,lens-2W-060s,82,44,364.0
green-He-Ne,lens-2W-060s,83,45,374.40000000000003
green-He-Ne,lens-2W-060s,84,46,374.40000000000003
green-He-Ne,lens-2W-060s,85,47,379.6
green-He-Ne,lens-2W-060s,86,48,390.0
green-He-Ne,lens-2W-060s,87,49,395.2
green-He-Ne,lens-2W-060s,88,50,400.40000000000003
green-He-Ne,lens-2W-060s,89,51,395.2
green-He-Ne,lens-2W-060s,90,52,416.0
green-He-Ne,lens-2W-060s,91,53,410.8
green-He-Ne,lens-2W-060s,92,54,416.0
green-He-Ne,lens-2W-060s,93,55,416.0
green-He-Ne,lens-2W-060s,94,56,426.40000000000003
green-He-Ne,lens-2W-060s,95,57,426.40000000000003
green-He-Ne,lens-2W-060s,96,58,436.8
green-He-Ne,lens-2W-060s,97,59,436.8
green-He-Ne,lens-2W-060s,98,60,431.6
green-He-Ne,lens-2W-060s,99,61,436.8
green-He-Ne,lens-2W-080s,39,1,223.6
green-He-Ne,lens-2W-080s,40,2,223.6
green-He-Ne,lens-2W-080s,41,3,223.6
green-He-Ne,lens-2W-080s,42,4,223.6
green-He-Ne,lens-2W-080s,43,5,223.6
green-He-Ne,lens-2W-080s,44,6,228.8
green-He-Ne,lens-2W-080s,45,7,234.0
green-He-Ne,lens-2W-080s,46,8,239.20000000000002
green-He-Ne,lens-2W-080s,47,9,239.20000000000002
green-He-Ne,lens-2W-080s,48,10,244.4
green-He-Ne,lens-2W-080s,49,11,244.4
green-He-Ne,lens-2W-080s,50,12,249.60000000000002
green-He-Ne,lens-2W-080s,51,13,254.8
green-He-Ne,lens-2W-080s,52,14,260.0
green-He-Ne,lens-2W-080s,53,15,260.0
green-He-Ne,lens-2W-080s,54,16,265.2
green-He-Ne,lens-2W-080s,55,17,265.2
green-He-Ne,lens-2W-080s,56,18,265.2
green-He-Ne,lens-2W-080s,57,19,265.2
green-He-Ne,lens-2W-080s,58,20,270.40000000000003
green-He-Ne,lens-2W-080s,59,21,275.6
green-He-Ne,lens-2W-080s,60,22,280.8
green-He-Ne,lens-2W-080s,61,23,286.0
green-He-Ne,lens-2W-080s,62,24,291.2
green-He-Ne,lens-2W-080s,63,25,286.0
green-He-Ne,lens-2W-080s,64,26,286.0
green-He-Ne,lens-2W-080s,65,27,291.2
green-He-Ne,lens-2W-080s,66,28,301.6
green-He-Ne,lens-2W-080s,67,29,301.6
green-He-Ne,lens-2W-080s,68,30,301.6
green-He-Ne,lens-2W-080s,69,31,296.40000000000003
green-He-Ne,lens-2W-080s,70,32,301.6
green-He-Ne,lens-2W-080s,71,33,306.8
green-He-Ne,lens-2W-080s,72,34,306.8
green-He-Ne,lens-2W-080s,73,35,306.8
green-He-Ne,lens-2W-080s,74,36,312.0
green-He-Ne,lens-2W-080s,75,37,317.2
green-He-Ne,lens-2W-080s,76,38,317.2
green-He-Ne,lens-2W-080s,77,39,322.40000000000003
green-He-Ne,lens-2W-080s,78,40,322.40000000000003
green-He-Ne,lens-2W-080s,79,41,327.6
green-He-Ne,lens-2W-080s,80,42,327.6
green-He-Ne,lens-2W-080s,81,43,327.6
green-He-Ne,lens-2W-080s,82,44,332.8
green-He-Ne,lens-2W-080s,83,45,348.40000000000003
green-He-Ne,lens-2W-080s,84,46,338.0
green-He-Ne,lens-2W-080s,85,47,338.0
green-He-Ne,lens-2W-080s,86,48,338.0
green-He-Ne,lens-2W-080s,87,49,353.6
green-He-Ne,lens-2W-080s,88,50,348.40000000000003
green-He-Ne,lens-2W-080s,89,51,358.8
green-He-Ne,lens-2W-080s,90,52,353.6
green-He-Ne,lens-2W-080s,91,53,369.2
green-He-Ne,lens-2W-080s,92,54,379.6
green-He-Ne,lens-2W-080s,93,55,374.40000000000003
green-He-Ne,lens-2W-080s,94,56,395.2
green-He-Ne,lens-2W-080s,95,57,384.8
green-He-Ne,lens-2W-080s,96,58,390.0
green-He-Ne,lens-2W-080s,97,59,395.2
green-He-Ne,lens-2W-080s,98,60,400.40000000000003
green-He-Ne,lens-2W-080s,99,61,410.8
green-He-Ne,lens-2W-100s,39,1,213.20000000000002
green-He-Ne,lens-2W-100s,40,2,213.20000000000002
green-He-Ne,lens-2W-100s,41,3,218.4
green-He-Ne,lens-2W-100s,42,4,213.20000000000002
green-He-Ne,lens-2W-100s,43,5,213.20000000000002
green-He-Ne,lens-2W-100s,44,6,213.20000000000002
green-He-Ne,lens-2W-100s,45,7,218.4
green-He-Ne,lens-2W-100s,46,8,223.6
green-He-Ne,lens-2W-100s,47,9,228.8
green-He-Ne,lens-2W-100s,48,10,228.8
green-He-Ne,lens-2W-100s,49,11,234.0
green-He-Ne,lens-2W-100s,50,12,239.20000000000002
green-He-Ne,lens-2W-100s,51,13,234.0
green-He-Ne,lens-2W-100s,52,14,239.20000000000002
green-He-Ne,lens-2W-100s,53,15,244.4
green-He-Ne,lens-2W-100s,54,16,249.60000000000002
green-He-Ne,lens-2W-100s,55,17,254.8
green-He-Ne,lens-2W-100s,56,18,254.8
green-He-Ne,lens-2W-100s,57,19,265.2
green-He-Ne,lens-2W-100s,58,20,275.6
green-He-Ne,lens-2W-100s,59,21,280.8
green-He-Ne,lens-2W-100s,60,22,291.2
green-He-Ne,lens-2W-100s,61,23,296.40000000000003
green-He-Ne,lens-2W-100s,62,24,296.40000000000003
green-He-Ne,lens-2W-100s,63,25,306.8
green-He-Ne,lens-2W-100s,64,26,306.8
green-He-Ne,lens-2W-100s,65,27,312.0
green-He-Ne,lens-2W-100s,66,28,317.2
green-He-Ne,lens-2W-100s,67,29,301.6
green-He-Ne,lens-2W-100s,68,30,306.8
green-He-Ne,lens-2W-100s,69,31,301.6
green-He-Ne,lens-2W-100s,70,32,301.6
green-He-Ne,lens-2W-100s,71,33,301.6
green-He-Ne,lens-2W-100s,72,34,306.8
green-He-Ne,lens-2W-100s,73,35,306.8
green-He-Ne,lens-2W-100s,74,36,317.2
green-He-Ne,lens-2W-100s,75,37,317.2
green-He-Ne,lens-2W-100s,76,38,317.2
green-He-Ne,lens-2W-100s,77,39,317.2
green-He-Ne,lens-2W-100s,78,40,312.0
green-He-Ne,lens-2W-100s,79,41,322.40000000000003
green-He-Ne,lens-2W-100s,80,42,322.40000000000003
green-He-Ne,lens-2W-100s,81,43,332.8
green-He-Ne,lens-2W-100s,82,44,327.6
green-He-Ne,lens-2W-100s,83,45,327.6
green-He-Ne,lens-2W-100s,84,46,338.0
green-He-Ne,lens-2W-100s,85,47,338.0
green-He-Ne,lens-2W-100s,86,48,338.0
green-He-Ne,lens-2W-100s,87,49,338.0
green-He-Ne,lens-2W-100s,88,50,343.2
green-He-Ne,lens-2W-100s,89,51,338.0
green-He-Ne,lens-2W-100s,90,52,348.40000000000003
green-He-Ne,lens-2W-100s,91,53,353.6
green-He-Ne,lens-2W-100s,92,54,343.2
green-He-Ne,lens-2W-100s,93,55,353.6
green-He-Ne,lens-2W-100s,94,56,353.6
green-He-Ne,lens-2W-100s,95,57,353.6
green-He-Ne,lens-2W-100s,96,58,358.8
green-He-Ne,lens-2W-100s,97,59,358.8
green-He-Ne,lens-2W-100s,98,60,369.2
green-He-Ne,lens-2W-100s,99,61,374.40000000000003
green-He-Ne,lens-3W-040s,39,1,176.8
green-He-Ne,lens-3W-040s,40,2,182.0
green-He-Ne,lens-3W-040s,41,3,187.20000000000002
green-He-Ne,lens-3W-040s,42,4,187.20000000000002
green-He-Ne,lens-3W-040s,43,5,192.4
green-He-Ne,lens-3W-040s,44,6,192.4
green-He-Ne,lens-3W-040s,45,7,197.6
green-He-Ne,lens-3W-040s,46,8,208.0
green-He-Ne,lens-3W-040s,47,9,208.0
green-He-Ne,lens-3W-040s,48,10,208.0
green-He-Ne,lens-3W-040s,49,11,208.0
green-He-Ne,lens-3W-040s,50,12,213.20000000000002
green-He-Ne,lens-3W-040s,51,13,213.20000000000002
green-He-Ne,lens-3W-040s,52,14,218.4
green-He-Ne,lens-3W-040s,53,15,223.6
green-He-Ne,lens-3W-040s,54,16,218.4
green-He-Ne,lens-3W-040s,55,17,223.6
green-He-Ne,lens-3W-040s,56,18,223.6
green-He-Ne,lens-3W-040s,57,19,228.8
green-He-Ne,lens-3W-040s,58,20,234.0
green-He-Ne,lens-3W-040s,59,21,234.0
green-He-Ne,lens-3W-040s,60,22,239.20000000000002
green-He-Ne,lens-3W-040s,61,23,244.4
green-He-Ne,lens-3W-040s,62,24,244.4
green-He-Ne,lens-3W-040s,63,25,244.4
green-He-Ne,lens-3W-040s,64,26,254.8
green-He-Ne,lens-3W-040s,65,27,249.60000000000002
green-He-Ne,lens-3W-040s,66,28,249.60000000000002
green-He-Ne,lens-3W-040s,67,29,249.60000000000002
green-He-Ne,lens-3W-040s,68,30,260.0
green-He-Ne,lens-3W-040s,69,31,265.2
green-He-Ne,lens-3W-040s,70,32,265.2
green-He-Ne,lens-3W-040s,71,33,270.40000000000003
green-He-Ne,lens-3W-040s,72,34,275.6
green-He-Ne,lens-3W-040s,73,35,270.40000000000003
green-He-Ne,lens-3W-040s,74,36,286.0
green-He-Ne,lens-3W-040s,75,37,280.8
green-He-Ne,lens-3W-040s,76,38,286.0
green-He-Ne,lens-3W-040s,77,39,286.0
green-He-Ne,lens-3W-040s,78,40,296.40000000000003
green-He-Ne,lens-3W-040s,79,41,296.40000000000003
green-He-Ne,lens-3W-040s,80,42,301.6
green-He-Ne,lens-3W-040s,81,43,291.2
green-He-Ne,lens-3W-040s,82,44,291.2
green-He-Ne,lens-3W-040s,83,45,296.40000000000003
green-He-Ne,lens-3W-040s,84,46,296.40000000000003
green-He-Ne,lens-3W-040s,85,47,312.0
green-He-Ne,lens-3W-040s,86,48,312.0
green-He-Ne,lens-3W-040s,87,49,306.8
green-He-Ne,lens-3W-040s,88,50,312.0
green-He-Ne,lens-3W-040s,89,51,327.6
green-He-Ne,lens-3W-040s,90,52,332.8
green-He-Ne,lens-3W-040s,91,53,327.6
green-He-Ne,lens-3W-040s,92,54,327.6
green-He-Ne,lens-3W-040s,93,55,332.8
green-He-Ne,lens-3W-040s,94,56,332.8
green-He-Ne,lens-3W-040s,95,57,343.2
green-He-Ne,lens-3W-040s,96,58,353.6
green-He-Ne,lens-3W-040s,97,59,358.8
green-He-Ne,lens-3W-040s,98,60,358.8
green-He-Ne,lens-3W-040s,99,61,369.2
green-He-Ne,lens-3W-060s,39,1,161.20000000000002
green-He-Ne,lens-3W-060s,40,2,161.20000000000002
green-He-Ne,lens-3W-060s,41,3,166.4
green-He-Ne,lens-3W-060s,42,4,166.4
green-He-Ne,lens-3W-060s,43,5,171.6
green-He-Ne,lens-3W-060s,44,6,171.6
green-He-Ne,lens-3W-060s,45,7,176.8
green-He-Ne,lens-3W-060s,46,8,176.8
green-He-Ne,lens-3W-060s,47,9,176.8
green-He-Ne,lens-3W-060s,48,10,182.0
green-He-Ne,lens-3W-060s,49,11,182.0
green-He-Ne,lens-3W-060s,50,12,192.4
green-He-Ne,lens-3W-060s,51,13,192.4
green-He-Ne,lens-3W-060s,52,14,192.4
green-He-Ne,lens-3W-060s,53,15,202.8
green-He-Ne,lens-3W-060s,54,16,202.8
green-He-Ne,lens-3W-060s,55,17,213.20000000000002
green-He-Ne,lens-3W-060s,56,18,213.20000000000002
green-He-Ne,lens-3W-060s,57,19,218.4
green-He-Ne,lens-3W-060s,58,20,223.6
green-He-Ne,lens-3W-060s,59,21,223.6
green-He-Ne,lens-3W-060s,60,22,223.6
green-He-Ne,lens-3W-060s,61,23,228.8
green-He-Ne,lens-3W-060s,62,24,228.8
green-He-Ne,lens-3W-060s,63,25,234.0
green-He-Ne,lens-3W-060s,64,26,234.0
green-He-Ne,lens-3W-060s,65,27,234.0
green-He-Ne,lens-3W-060s,66,28,239.20000000000002
green-He-Ne,lens-3W-060s,67,29,244.4
green-He-Ne,lens-3W-060s,68,30,244.4
green-He-Ne,lens-3W-060s,69,31,249.60000000000002
green-He-Ne,lens-3W-060s,70,32,244.4
green-He-Ne,lens-3W-060s,71,33,249.60000000000002
green-He-Ne,lens-3W-060s,72,34,249.60000000000002
green-He-Ne,lens-3W-060s,73,35,260.0
green-He-Ne,lens-3W-060s,74,36,260.0
green-He-Ne,lens-3W-060s,75,37,260.0
green-He-Ne,lens-3W-060s,76,38,260.0
green-He-Ne,lens-3W-060s,77,39,260.0
green-He-Ne,lens-3W-060s,78,40,260.0
green-He-Ne,lens-3W-060s,79,41,265.2
green-He-Ne,lens-3W-060s,80,42,254.8
green-He-Ne,lens-3W-060s,81,43,265.2
green-He-Ne,lens-3W-060s,82,44,265.2
green-He-Ne,lens-3W-060s,83,45,270.40000000000003
green-He-Ne,lens-3W-060s,84,46,275.6
green-He-Ne,lens-3W-060s,85,47,286.0
green-He-Ne,lens-3W-060s,86,48,286.0
green-He-Ne,lens-3W-060s,87,49,291.2
green-He-Ne,lens-3W-060s,88,50,291.2
green-He-Ne,lens-3W-060s,89,51,296.40000000000003
green-He-Ne,lens-3W-060s,90,52,296.40000000000003
green-He-Ne,lens-3W-060s,91,53,301.6
green-He-Ne,lens-3W-060s,92,54,306.8
green-He-Ne,lens-3W-060s,93,55,306.8
green-He-Ne,lens-3W-060s,94,56,312.0
green-He-Ne,lens-3W-060s,95,57,312.0
green-He-Ne,lens-3W-060s,96,58,327.6
green-He-Ne,lens-3W-060s,97,59,327.6
green-He-Ne,lens-3W-060s,98,60,332.8
green-He-Ne,lens-3W-060s,99,61,327.6
green-He-Ne,lens-3W-080s,39,1,161.20000000000002
green-He-Ne,lens-3W-080s,40,2,161.20000000000002
green-He-Ne,lens-3W-080s,41,3,161.20000000000002
green-He-Ne,lens-3W-080s,42,4,171.6
green-He-Ne,lens-3W-080s,43,5,166.4
green-He-Ne,lens-3W-080s,44,6,166.4
green-He-Ne,lens-3W-080s,45,7,171.6
green-He-Ne,lens-3W-080s,46,8,176.8
green-He-Ne,lens-3W-080s,47,9,176.8
green-He-Ne,lens-3W-080s,48,10,176.8
green-He-Ne,lens-3W-080s,49,11,182.0
green-He-Ne,lens-3W-080s,50,12,187.20000000000002
green-He-Ne,lens-3W-080s,51,13,187.20000000000002
green-He-Ne,lens-3W-080s,52,14,192.4
green-He-Ne,lens-3W-080s,53,15,197.6
green-He-Ne,lens-3W-080s,54,16,197.6
green-He-Ne,lens-3W-080s,55,17,197.6
green-He-Ne,lens-3W-080s,56,18,202.8
green-He-Ne,lens-3W-080s,57,19,208.0
green-He-Ne,lens-3W-080s,58,20,208.0
green-He-Ne,lens-3W-080s,59,21,208.0
green-He-Ne,lens-3W-080s,60,22,218.4
green-He-Ne,lens-3W-080s,61,23,213.20000000000002
green-He-Ne,lens-3W-080s,62,24,218.4
green-He-Ne,lens-3W-080s,63,25,218.4
green-He-Ne,lens-3W-080s,64,26,223.6
green-He-Ne,lens-3W-080s,65,27,228.8
green-He-Ne,lens-3W-080s,66,28,234.0
green-He-Ne,lens-3W-080s,67,29,234.0
green-He-Ne,lens-3W-080s,68,30,234.0
green-He-Ne,lens-3W-080s,69,31,234.0
green-He-Ne,lens-3W-080s,70,32,239.20000000000002
green-He-Ne,lens-3W-080s,71,33,249.60000000000002
green-He-Ne,lens-3W-080s,72,34,254.8
green-He-Ne,lens-3W-080s,73,35,254.8
green-He-Ne,lens-3W-080s,74,36,244.4
green-He-Ne,lens-3W-080s,75,37,244.4
green-He-Ne,lens-3W-080s,76,38,249.60000000000002
green-He-Ne,lens-3W-080s,77,39,254.8
green-He-Ne,lens-3W-080s,78,40,254.8
green-He-Ne,lens-3W-080s,79,41,254.8
green-He-Ne,lens-3W-080s,80,42,260.0
green-He-Ne,lens-3W-080s,81,43,270.40000000000003
green-He-Ne,lens-3W-080s,82,44,265.2
green-He-Ne,lens-3W-080s,83,45,265.2
green-He-Ne,lens-3W-080s,84,46,275.6
green-He-Ne,lens-3W-080s,85,47,275.6
green-He-Ne,lens-3W-080s,86,48,275.6
green-He-Ne,lens-3W-080s,87,49,280.8
green-He-Ne,lens-3W-080s,88,50,275.6
green-He-Ne,lens-3W-080s,89,51,280.8
green-He-Ne,lens-3W-080s,90,52,280.8
green-He-Ne,lens-3W-080s,91,53,280.8
green-He-Ne,lens-3W-080s,92,54,286.0
green-He-Ne,lens-3W-080s,93,55,280.8
green-He-Ne,lens-3W-080s,94,56,291.2
green-He-Ne,lens-3W-080s,95,57,291.2
green-He-Ne,lens-3W-080s,96,58,291.2
green-He-Ne,lens-3W-080s,97,59,291.2
green-He-Ne,lens-3W-080s,98,60,296.40000000000003
green-He-Ne,lens-3W-080s,99,61,291.2
green-He-Ne,lens-3W-100s,39,1,150.8
green-He-Ne,lens-3W-100s,40,2,150.8
green-He-Ne,lens-3W-100s,41,3,150.8
green-He-Ne,lens-3W-100s,42,4,156.0
green-He-Ne,lens-3W-100s,43,5,156.0
green-He-Ne,lens-3W-100s,44,6,166.4
green-He-Ne,lens-3W-100s,45,7,166.4
green-He-Ne,lens-3W-100s,46,8,171.6
green-He-Ne,lens-3W-100s,47,9,171.6
green-He-Ne,lens-3W-100s,48,10,171.6
green-He-Ne,lens-3W-100s,49,11,171.6
green-He-Ne,lens-3W-100s,50,12,176.8
green-He-Ne,lens-3W-100s,51,13,176.8
green-He-Ne,lens-3W-100s,52,14,182.0
green-He-Ne,lens-3W-100s,53,15,182.0
green-He-Ne,lens-3W-100s,54,16,182.0
green-He-Ne,lens-3W-100s,55,17,192.4
green-He-Ne,lens-3W-100s,56,18,192.4
green-He-Ne,lens-3W-100s,57,19,192.4
green-He-Ne,lens-3W-100s,58,20,192.4
green-He-Ne,lens-3W-100s,59,21,197.6
green-He-Ne,lens-3W-100s,60,22,197.6
green-He-Ne,lens-3W-100s,61,23,202.8
green-He-Ne,lens-3W-100s,62,24,202.8
green-He-Ne,lens-3W-100s,63,25,208.0
green-He-Ne,lens-3W-100s,64,26,208.0
green-He-Ne,lens-3W-100s,65,27,213.20000000000002
green-He-Ne,lens-3W-100s,66,28,213.20000000000002
green-He-Ne,lens-3W-100s,67,29,213.20000000000002
green-He-Ne,lens-3W-100s,68,30,218.4
green-He-Ne,lens-3W-100s,69,31,218.4
green-He-Ne,lens-3W-100s,70,32,218.4
green-He-Ne,lens-3W-100s,71,33,218.4
green-He-Ne,lens-3W-100s,72,34,223.6
green-He-Ne,lens-3W-100s,73,35,228.8
green-He-Ne,lens-3W-100s,74,36,228.8
green-He-Ne,lens-3W-100s,75,37,234.0
green-He-Ne,lens-3W-100s,76,38,234.0
green-He-Ne,lens-3W-100s,77,39,239.20000000000002
green-He-Ne,lens-3W-100s,78,40,239.20000000000002
green-He-Ne,lens-3W-100s,79,41,244.4
green-He-Ne,lens-3W-100s,80,42,244.4
green-He-Ne,lens-3W-100s,81,43,249.60000000000002
green-He-Ne,lens-3W-100s,82,44,249.60000000000002
green-He-Ne,lens-3W-100s,83,45,254.8
green-He-Ne,lens-3W-100s,84,46,254.8
green-He-Ne,lens-3W-100s,85,47,249.60000000000002
green-He-Ne,lens-3W-100s,86,48,265.2
green-He-Ne,lens-3W-100s,87,49,265.2
green-He-Ne,lens-3W-100s,88,50,265.2
green-He-Ne,lens-3W-100s,89,51,265.2
green-He-Ne,lens-3W-100s,90,52,275.6
green-He-Ne,lens-3W-100s,91,53,275.6
green-He-Ne,lens-3W-100s,92,54,280.8
green-He-Ne,lens-3W-100s,93,55,286.0
green-He-Ne,lens-3W-100s,94,56,291.2
green-He-Ne,lens-3W-100s,95,57,286.0
green-He-Ne,lens-3W-100s,96,58,291.2
green-He-Ne,lens-3W-100s,97,59,286.0
green-He-Ne,lens-3W-100s,98,60,291.2
green-He-Ne,lens-3W-100s,99,61,296.40000000000003
green-He-Ne,lens-3W-120s,39,1,161.20000000000002
green-He-Ne,lens-3W-120s,40,2,156.0
green-He-Ne,lens-3W-120s,41,3,161.20000000000002
green-He-Ne,lens-3W-120s,42,4,161.20000000000002
green-He-Ne,lens-3W-120s,43,5,166.4
green-He-Ne,lens-3W-120s,44,6,166.4
green-He-Ne,lens-3W-120s,45,7,166.4
green-He-Ne,lens-3W-120s,46,8,171.6
green-He-Ne,lens-3W-120s,47,9,171.6
green-He-Ne,lens-3W-120s,48,10,171.6
green-He-Ne,lens-3W-120s,49,11,176.8
green-He-Ne,lens-3W-120s,50,12,176.8
green-He-Ne,lens-3W-120s,51,13,182.0
green-He-Ne,lens-3W-120s,52,14,182.0
green-He-Ne,lens-3W-120s,53,15,182.0
green-He-Ne,lens-3W-120s,54,16,192.4
green-He-Ne,lens-3W-120s,55,17,187.20000000000002
green-He-Ne,lens-3W-120s,56,18,192.4
green-He-Ne,lens-3W-120s,57,19,197.6
green-He-Ne,lens-3W-120s,58,20,197.6
green-He-Ne,lens-3W-120s,59,21,202.8
green-He-Ne,lens-3W-120s,60,22,213.20000000000002
green-He-Ne,lens-3W-120s,61,23,213.20000000000002
green-He-Ne,lens-3W-120s,62,24,213.20000000000002
green-He-Ne,lens-3W-120s,63,25,218.4
green-He-Ne,lens-3W-120s,64,26,218.4
green-He-Ne,lens-3W-120s,65,27,218.4
green-He-Ne,lens-3W-120s,66,28,218.4
green-He-Ne,lens-3W-120s,67,29,218.4
green-He-Ne,lens-3W-120s,68,30,218.4
green-He-Ne,lens-3W-120s,69,31,223.6
green-He-Ne,lens-3W-120s,70,32,223.6
green-He-Ne,lens-3W-120s,71,33,223.6
green-He-Ne,lens-3W-120s,72,34,234.0
green-He-Ne,lens-3W-120s,73,35,234.0
green-He-Ne,lens-3W-120s,74,36,228.8
green-He-Ne,lens-3W-120s,75,37,228.8
green-He-Ne,lens-3W-120s,76,38,234.0
green-He-Ne,lens-3W-120s,77,39,239.20000000000002
green-He-Ne,lens-3W-120s,78,40,234.0
green-He-Ne,lens-3W-120s,79,41,239.20000000000002
green-He-Ne,lens-3W-120s,80,42,239.20000000000002
green-He-Ne,lens-3W-120s,81,43,244.4
green-He-Ne,lens-3W-120s,82,44,249.60000000000002
green-He-Ne,lens-3W-120s,83,45,249.60000000000002
green-He-Ne,lens-3W-120s,84,46,254.8
green-He-Ne,lens-3W-120s,85,47,260.0
green-He-Ne,lens-3W-120s,86,48,265.2
green-He-Ne,lens-3W-120s,87,49,265.2
green-He-Ne,lens-3W-120s,88,50,260.0
green-He-Ne,lens-3W-120s,89,51,265.2
green-He-Ne,lens-3W-120s,90,52,265.2
green-He-Ne,lens-3W-120s,91,53,270.40000000000003
green-He-Ne,lens-3W-120s,92,54,270.40000000000003
green-He-Ne,lens-3W-120s,93,55,280.8
green-He-Ne,lens-3W-120s,94,56,275.6
green-He-Ne,lens-3W-120s,95,57,280.8
green-He-Ne,lens-3W-120s,96,58,286.0
green-He-Ne,lens-3W-120s,97,59,291.2
green-He-Ne,lens-3W-120s,98,60,291.2
green-He-Ne,lens-3W-120s,99,61,296.40000000000003
green-He-Ne,noSample,39,1,1118.0
green-He-Ne,noSample,40,2,1112.8
green-He-Ne,noSample,41,3,1097.2
green-He-Ne,noSample,42,4,1092.0
green-He-Ne,noSample,43,5,1097.2
green-He-Ne,noSample,44,6,1112.8
green-He-Ne,noSample,45,7,1112.8
green-He-Ne,noSample,46,8,1118.0
green-He-Ne,noSample,47,9,1118.0
green-He-Ne,noSample,48,10,1128.4
green-He-Ne,noSample,49,11,1123.2
green-He-Ne,noSample,50,12,1123.2
green-He-Ne,noSample,51,13,1123.2
green-He-Ne,noSample,52,14,1128.4
green-He-Ne,noSample,53,15,1123.2
green-He-Ne,noSample,54,16,1123.2
green-He-Ne,noSample,55,17,1123.2
green-He-Ne,noSample,56,18,1123.2
green-He-Ne,noSample,57,19,1128.4
green-He-Ne,noSample,58,20,1138.8
green-He-Ne,noSample,59,21,1138.8
green-He-Ne,noSample,60,22,1107.6000000000001
green-He-Ne,noSample,61,23,1102.4
green-He-Ne,noSample,62,24,1123.2
green-He-Ne,noSample,63,25,1118.0
green-He-Ne,noSample,64,26,1118.0
green-He-Ne,noSample,65,27,1133.6000000000001
green-He-Ne,noSample,66,28,1138.8
green-He-Ne,noSample,67,29,1133.6000000000001
green-He-Ne,noSample,68,30,1154.4
green-He-Ne,noSample,69,31,1138.8
green-He-Ne,noSample,70,32,1154.4
green-He-Ne,noSample,71,33,1138.8
green-He-Ne,noSample,72,34,1149.2
green-He-Ne,noSample,73,35,1154.4
green-He-Ne,noSample,74,36,1138.8
green-He-Ne,noSample,75,37,1138.8
green-He-Ne,noSample,76,38,1138.8
green-He-Ne,noSample,77,39,1138.8
green-He-Ne,noSample,78,40,1154.4
green-He-Ne,noSample,79,41,1138.8
green-He-Ne,noSample,80,42,1144.0
green-He-Ne,noSample,81,43,1149.2
green-He-Ne,noSample,82,44,1128.4
green-He-Ne,noSample,83,45,1144.0
green-He-Ne,noSample,84,46,1144.0
green-He-Ne,noSample,85,47,1123.2
green-He-Ne,noSample,86,48,1128.4
green-He-Ne,noSample,87,49,1128.4
green-He-Ne,noSample,88,50,1138.8
green-He-Ne,noSample,89,51,1138.8
green-He-Ne,noSample,90,52,1138.8
green-He-Ne,noSample,91,53,1144.0
green-He-Ne,noSample,92,54,1149.2
green-He-Ne,noSample,93,55,1123.2
green-He-Ne,noSample,94,56,1107.6000000000001
green-He-Ne,noSample,95,57,1123.2
green-He-Ne,noSample,96,58,1118.0
green-He-Ne,noSample,97,59,1118.0
green-He-Ne,noSample,98,60,1128.4
green-He-Ne,noSample,99,61,1118.0
green-He-Ne,pinhole-200mum,39,1,410.8
green-He-Ne,pinhole-200mum,40,2,416.0
green-He-Ne,pinhole-200mum,41,3,431.6
green-He-Ne,pinhole-200mum,42,4,436.8
green-He-Ne,pinhole-200mum,43,5,447.2
green-He-Ne,pinhole-200mum,44,6,452.40000000000003
green-He-Ne,pinhole-200mum,45,7,457.6
green-He-Ne,pinhole-200mum,46,8,468.0
green-He-Ne,pinhole-200mum,47,9,483.6
green-He-Ne,pinhole-200mum,48,10,499.20000000000005
green-He-Ne,pinhole-200mum,49,11,504.40000000000003
green-He-Ne,pinhole-200mum,50,12,514.8000000000001
green-He-Ne,pinhole-200mum,51,13,525.2
green-He-Ne,pinhole-200mum,52,14,530.4
green-He-Ne,pinhole-200mum,53,15,535.6
green-He-Ne,pinhole-200mum,54,16,546.0
green-He-Ne,pinhole-200mum,55,17,551.2
green-He-Ne,pinhole-200mum,56,18,572.0
green-He-Ne,pinhole-200mum,57,19,587.6
green-He-Ne,pinhole-200mum,58,20,587.6
green-He-Ne,pinhole-200mum,59,21,603.2
green-He-Ne,pinhole-200mum,60,22,618.8000000000001
green-He-Ne,pinhole-200mum,61,23,618.8000000000001
green-He-Ne,pinhole-200mum,62,24,634.4
green-He-Ne,pinhole-200mum,63,25,634.4
green-He-Ne,pinhole-200mum,64,26,660.4
green-He-Ne,pinhole-200mum,65,27,670.8000000000001
green-He-Ne,pinhole-200mum,66,28,681.2
green-He-Ne,pinhole-200mum,67,29,686.4
green-He-Ne,pinhole-200mum,68,30,691.6
green-He-Ne,pinhole-200mum,69,31,702.0
green-He-Ne,pinhole-200mum,70,32,717.6
green-He-Ne,pinhole-200mum,71,33,717.6
green-He-Ne,pinhole-200mum,72,34,722.8000000000001
green-He-Ne,pinhole-200mum,73,35,738.4
green-He-Ne,pinhole-200mum,74,36,769.6
green-He-Ne,pinhole-200mum,75,37,764.4
green-He-Ne,pinhole-200mum,76,38,748.8000000000001
green-He-Ne,pinhole-200mum,77,39,790.4
green-He-Ne,pinhole-200mum,78,40,800.8000000000001
green-He-Ne,pinhole-200mum,79,41,795.6
green-He-Ne,pinhole-200mum,80,42,785.2
green-He-Ne,pinhole-200mum,81,43,795.6
green-He-Ne,pinhole-200mum,82,44,816.4
green-He-Ne,pinhole-200mum,83,45,858.0
green-He-Ne,pinhole-200mum,84,46,837.2
green-He-Ne,pinhole-200mum,85,47,858.0
green-He-Ne,pinhole-200mum,86,48,868.4
green-He-Ne,pinhole-200mum,87,49,858.0
green-He-Ne,pinhole-200mum,88,50,899.6
green-He-Ne,pinhole-200mum,89,51,889.2
green-He-Ne,pinhole-200mum,90,52,889.2
green-He-Ne,pinhole-200mum,91,53,915.2
green-He-Ne,pinhole-200mum,92,54,930.8000000000001
green-He-Ne,pinhole-200mum,93,55,920.4
green-He-Ne,pinhole-200mum,94,56,915.2
green-He-Ne,pinhole-200mum,95,57,946.4
green-He-Ne,pinhole-200mum,96,58,962.0
green-He-Ne,pinhole-200mum,97,59,956.8000000000001
green-He-Ne,pinhole-200mum,98,60,941.2
green-He-Ne,pinhole-200mum,99,61,972.4
red-He-Ne,lens-2W-040s,39,1,275.6
red-He-Ne,lens-2W-040s,40,2,280.8
red-He-Ne,lens-2W-040s,41,3,286.0
red-He-Ne,lens-2W-040s,42,4,280.8
red-He-Ne,lens-2W-040s,43,5,280.8
red-He-Ne,lens-2W-040s,44,6,286.0
red-He-Ne,lens-2W-040s,45,7,286.0
red-He-Ne,lens-2W-040s,46,8,280.8
red-He-Ne,lens-2W-040s,47,9,286.0
red-He-Ne,lens-2W-040s,48,10,291.2
red-He-Ne,lens-2W-040s,49,11,291.2
red-He-Ne,lens-2W-040s,50,12,286.0
red-He-Ne,lens-2W-040s,51,13,301.6
red-He-Ne,lens-2W-040s,52,14,306.8
red-He-Ne,lens-2W-040s,53,15,306.8
red-He-Ne,lens-2W-040s,54,16,312.0
red-He-Ne,lens-2W-040s,55,17,317.2
red-He-Ne,lens-2W-040s,56,18,322.40000000000003
red-He-Ne,lens-2W-040s,57,19,322.40000000000003
red-He-Ne,lens-2W-040s,58,20,322.40000000000003
red-He-Ne,lens-2W-040s,59,21,327.6
red-He-Ne,lens-2W-040s,60,22,327.6
red-He-Ne,lens-2W-040s,61,23,327.6
red-He-Ne,lens-2W-040s,62,24,327.6
red-He-Ne,lens-2W-040s,63,25,338.0
red-He-Ne,lens-2W-040s,64,26,343.2
red-He-Ne,lens-2W-040s,65,27,348.40000000000003
red-He-Ne,lens-2W-040s,66,28,353.6
red-He-Ne,lens-2W-040s,67,29,364.0
red-He-Ne,lens-2W-040s,68,30,364.0
red-He-Ne,lens-2W-040s,69,31,364.0
red-He-Ne,lens-2W-040s,70,32,369.2
red-He-Ne,lens-2W-040s,71,33,369.2
red-He-Ne,lens-2W-040s,72,34,369.2
red-He-Ne,lens-2W-040s,73,35,369.2
red-He-Ne,lens-2W-040s,74,36,358.8
red-He-Ne,lens-2W-040s,75,37,358.8
red-He-Ne,lens-2W-040s,76,38,358.8
red-He-Ne,lens-2W-040s,77,39,358.8
red-He-Ne,lens-2W-040s,78,40,358.8
red-He-Ne,lens-2W-040s,79,41,348.40000000000003
red-He-Ne,lens-2W-040s,80,42,348.40000000000003
red-He-Ne,lens-2W-040s,81,43,348.40000000000003
red-He-Ne,lens-2W-040s,82,44,358.8
red-He-Ne,lens-2W-040s,83,45,358.8
red-He-Ne,lens-2W-040s,84,46,358.8
red-He-Ne,lens-2W-040s,85,47,364.0
red-He-Ne,lens-2W-040s,86,48,364.0
red-He-Ne,lens-2W-040s,87,49,374.40000000000003
red-He-Ne,lens-2W-040s,88,50,374.40000000000003
red-He-Ne,lens-2W-040s,89,51,390.0
red-He-Ne,lens-2W-040s,90,52,395.2
red-He-Ne,lens-2W-040s,91,53,390.0
red-He-Ne,lens-2W-040s,92,54,400.40000000000003
red-He-Ne,lens-2W-040s,93,55,405.6
red-He-Ne,lens-2W-040s,94,56,416.0
red-He-Ne,lens-2W-040s,95,57,416.0
red-He-Ne,lens-2W-040s,96,58,426.40000000000003
red-He-Ne,lens-2W-040s,97,59,436.8
red-He-Ne,lens-2W-040s,98,60,442.0
red-He-Ne,lens-2W-040s,99,61,442.0
red-He-Ne,lens-2W-060s,39,1,265.2
red-He-Ne,lens-2W-060s,40,2,265.2
red-He-Ne,lens-2W-060s,41,3,275.6
red-He-Ne,lens-2W-060s,42,4,275.6
red-He-Ne,lens-2W-060s,43,5,275.6
red-He-Ne,lens-2W-060s,44,6,280.8
red-He-Ne,lens-2W-060s,45,7,280.8
red-He-Ne,lens-2W-060s,46,8,280.8
red-He-Ne,lens-2W-060s,47,9,280.8
red-He-Ne,lens-2W-060s,48,10,286.0
red-He-Ne,lens-2W-060s,49,11,280.8
red-He-Ne,lens-2W-060s,50,12,275.6
red-He-Ne,lens-2W-060s,51,13,270.40000000000003
red-He-Ne,lens-2W-060s,52,14,280.8
red-He-Ne,lens-2W-060s,53,15,286.0
red-He-Ne,lens-2W-060s,54,16,291.2
red-He-Ne,lens-2W-060s,55,17,291.2
red-He-Ne,lens-2W-060s,56,18,301.6
red-He-Ne,lens-2W-060s,57,19,306.8
red-He-Ne,lens-2W-060s,58,20,301.6
red-He-Ne,lens-2W-060s,59,21,306.8
red-He-Ne,lens-2W-060s,60,22,306.8
red-He-Ne,lens-2W-060s,61,23,317.2
red-He-Ne,lens-2W-060s,62,24,312.0
red-He-Ne,lens-2W-060s,63,25,317.2
red-He-Ne,lens-2W-060s,64,26,317.2
red-He-Ne,lens-2W-060s,65,27,312.0
red-He-Ne,lens-2W-060s,66,28,322.40000000000003
red-He-Ne,lens-2W-060s,67,29,322.40000000000003
red-He-Ne,lens-2W-060s,68,30,327.6
red-He-Ne,lens-2W-060s,69,31,343.2
red-He-Ne,lens-2W-060s,70,32,343.2
red-He-Ne,lens-2W-060s,71,33,343.2
red-He-Ne,lens-2W-060s,72,34,343.2
red-He-Ne,lens-2W-060s,73,35,348.40000000000003
red-He-Ne,lens-2W-060s,74,36,348.40000000000003
red-He-Ne,lens-2W-060s,75,37,353.6
red-He-Ne,lens-2W-060s,76,38,353.6
red-He-Ne,lens-2W-060s,77,39,358.8
red-He-Ne,lens-2W-060s,78,40,364.0
red-He-Ne,lens-2W-060s,79,41,374.40000000000003
red-He-Ne,lens-2W-060s,80,42,379.6
red-He-Ne,lens-2W-060s,81,43,374.40000000000003
red-He-Ne,lens-2W-060s,82,44,390.0
red-He-Ne,lens-2W-060s,83,45,390.0
red-He-Ne,lens-2W-060s,84,46,395.2
red-He-Ne,lens-2W-060s,85,47,400.40000000000003
red-He-Ne,lens-2W-060s,86,48,395.2
red-He-Ne,lens-2W-060s,87,49,405.6
red-He-Ne,lens-2W-060s,88,50,405.6
red-He-Ne,lens-2W-060s,89,51,405.6
red-He-Ne,lens-2W-060s,90,52,405.6
red-He-Ne,lens-2W-060s,91,53,410.8
red-He-Ne,lens-2W-060s,92,54,421.2
red-He-Ne,lens-2W-060s,93,55,416.0
red-He-Ne,lens-2W-060s,94,56,416.0
red-He-Ne,lens-2W-060s,95,57,410.8
red-He-Ne,lens-2W-060s,96,58,421.2
red-He-Ne,lens-2W-060s,97,59,416.0
red-He-Ne,lens-2W-060s,98,60,416.0
red-He-Ne,lens-2W-060s,99,61,416.0
red-He-Ne,lens-2W-080s,39,1,239.20000000000002
red-He-Ne,lens-2W-080s,40,2,239.20000000000002
red-He-Ne,lens-2W-080s,41,3,239.20000000000002
red-He-Ne,lens-2W-080s,42,4,249.60000000000002
red-He-Ne,lens-2W-080s,43,5,249.60000000000002
red-He-Ne,lens-2W-080s,44,6,254.8
red-He-Ne,lens-2W-080s,45,7,254.8
red-He-Ne,lens-2W-080s,46,8,254.8
red-He-Ne,lens-2W-080s,47,9,254.8
red-He-Ne,lens-2W-080s,48,10,260.0
red-He-Ne,lens-2W-080s,49,11,270.40000000000003
red-He-Ne,lens-2W-080s,50,12,280.8
red-He-Ne,lens-2W-080s,51,13,280.8
red-He-Ne,lens-2W-080s,52,14,286.0
red-He-Ne,lens-2W-080s,53,15,291.2
red-He-Ne,lens-2W-080s,54,16,291.2
red-He-Ne,lens-2W-080s,55,17,296.40000000000003
red-He-Ne,lens-2W-080s,56,18,296.40000000000003
red-He-Ne,lens-2W-080s,57,19,296.40000000000003
red-He-Ne,lens-2W-080s,58,20,296.40000000000003
red-He-Ne,lens-2W-080s,59,21,301.6
red-He-Ne,lens-2W-080s,60,22,301.6
red-He-Ne,lens-2W-080s,61,23,306.8
red-He-Ne,lens-2W-080s,62,24,306.8
red-He-Ne,lens-2W-080s,63,25,301.6
red-He-Ne,lens-2W-080s,64,26,312.0
red-He-Ne,lens-2W-080s,65,27,312.0
red-He-Ne,lens-2W-080s,66,28,312.0
red-He-Ne,lens-2W-080s,67,29,312.0
red-He-Ne,lens-2W-080s,68,30,312.0
red-He-Ne,lens-2W-080s,69,31,317.2
red-He-Ne,lens-2W-080s,70,32,317.2
red-He-Ne,lens-2W-080s,71,33,317.2
red-He-Ne,lens-2W-080s,72,34,317.2
red-He-Ne,lens-2W-080s,73,35,317.2
red-He-Ne,lens-2W-080s,74,36,322.40000000000003
red-He-Ne,lens-2W-080s,75,37,322.40000000000003
red-He-Ne,lens-2W-080s,76,38,327.6
red-He-Ne,lens-2W-080s,77,39,327.6
red-He-Ne,lens-2W-080s,78,40,332.8
red-He-Ne,lens-2W-080s,79,41,332.8
red-He-Ne,lens-2W-080s,80,42,343.2
red-He-Ne,lens-2W-080s,81,43,338.0
red-He-Ne,lens-2W-080s,82,44,348.40000000000003
red-He-Ne,lens-2W-080s,83,45,343.2
red-He-Ne,lens-2W-080s,84,46,358.8
red-He-Ne,lens-2W-080s,85,47,358.8
red-He-Ne,lens-2W-080s,86,48,374.40000000000003
red-He-Ne,lens-2W-080s,87,49,369.2
red-He-Ne,lens-2W-080s,88,50,369.2
red-He-Ne,lens-2W-080s,89,51,384.8
red-He-Ne,lens-2W-080s,90,52,390.0
red-He-Ne,lens-2W-080s,91,53,410.8
red-He-Ne,lens-2W-080s,92,54,410.8
red-He-Ne,lens-2W-080s,93,55,416.0
red-He-Ne,lens-2W-080s,94,56,436.8
red-He-Ne,lens-2W-080s,95,57,442.0
red-He-Ne,lens-2W-080s,96,58,447.2
red-He-Ne,lens-2W-080s,97,59,447.2
red-He-Ne,lens-2W-080s,98,60,436.8
red-He-Ne,lens-2W-080s,99,61,452.40000000000003
red-He-Ne,lens-2W-100s,39,1,223.6
red-He-Ne,lens-2W-100s,40,2,228.8
red-He-Ne,lens-2W-100s,41,3,228.8
red-He-Ne,lens-2W-100s,42,4,228.8
red-He-Ne,lens-2W-100s,43,5,228.8
red-He-Ne,lens-2W-100s,44,6,234.0
red-He-Ne,lens-2W-100s,45,7,239.20000000000002
red-He-Ne,lens-2W-100s,46,8,234.0
red-He-Ne,lens-2W-100s,47,9,244.4
red-He-Ne,lens-2W-100s,48,10,249.60000000000002
red-He-Ne,lens-2W-100s,49,11,249.60000000000002
red-He-Ne,lens-2W-100s,50,12,254.8
red-He-Ne,lens-2W-100s,51,13,265.2
red-He-Ne,lens-2W-100s,52,14,275.6
red-He-Ne,lens-2W-100s,53,15,270.40000000000003
red-He-Ne,lens-2W-100s,54,16,275.6
red-He-Ne,lens-2W-100s,55,17,280.8
red-He-Ne,lens-2W-100s,56,18,280.8
red-He-Ne,lens-2W-100s,57,19,286.0
red-He-Ne,lens-2W-100s,58,20,291.2
red-He-Ne,lens-2W-100s,59,21,291.2
red-He-Ne,lens-2W-100s,60,22,291.2
red-He-Ne,lens-2W-100s,61,23,296.40000000000003
red-He-Ne,lens-2W-100s,62,24,296.40000000000003
red-He-Ne,lens-2W-100s,63,25,296.40000000000003
red-He-Ne,lens-2W-100s,64,26,306.8
red-He-Ne,lens-2W-100s,65,27,312.0
red-He-Ne,lens-2W-100s,66,28,306.8
red-He-Ne,lens-2W-100s,67,29,317.2
red-He-Ne,lens-2W-100s,68,30,317.2
red-He-Ne,lens-2W-100s,69,31,322.40000000000003
red-He-Ne,lens-2W-100s,70,32,322.40000000000003
red-He-Ne,lens-2W-100s,71,33,327.6
red-He-Ne,lens-2W-100s,72,34,327.6
red-He-Ne,lens-2W-100s,73,35,332.8
red-He-Ne,lens-2W-100s,74,36,332.8
red-He-Ne,lens-2W-100s,75,37,338.0
red-He-Ne,lens-2W-100s,76,38,332.8
red-He-Ne,lens-2W-100s,77,39,332.8
red-He-Ne,lens-2W-100s,78,40,332.8
red-He-Ne,lens-2W-100s,79,41,348.40000000000003
red-He-Ne,lens-2W-100s,80,42,338.0
red-He-Ne,lens-2W-100s,81,43,338.0
red-He-Ne,lens-2W-100s,82,44,332.8
red-He-Ne,lens-2W-100s,83,45,343.2
red-He-Ne,lens-2W-100s,84,46,348.40000000000003
red-He-Ne,lens-2W-100s,85,47,353.6
red-He-Ne,lens-2W-100s,86,48,353.6
red-He-Ne,lens-2W-100s,87,49,364.0
red-He-Ne,lens-2W-100s,88,50,358.8
red-He-Ne,lens-2W-100s,89,51,358.8
red-He-Ne,lens-2W-100s,90,52,353.6
red-He-Ne,lens-2W-100s,91,53,369.2
red-He-Ne,lens-2W-100s,92,54,358.8
red-He-Ne,lens-2W-100s,93,55,374.40000000000003
red-He-Ne,lens-2W-100s,94,56,374.40000000000003
red-He-Ne,lens-2W-100s,95,57,379.6
red-He-Ne,lens-2W-100s,96,58,374.40000000000003
red-He-Ne,lens-2W-100s,97,59,384.8
red-He-Ne,lens-2W-100s,98,60,374.40000000000003
red-He-Ne,lens-2W-100s,99,61,384.8
red-He-Ne,lens-3W-040s,39,1,208.0
red-He-Ne,lens-3W-040s,40,2,208.0
red-He-Ne,lens-3W-040s,41,3,208.0
red-He-Ne,lens-3W-040s,42,4,213.20000000000002
red-He-Ne,lens-3W-040s,43,5,218.4
red-He-Ne,lens-3W-040s,44,6,218.4
red-He-Ne,lens-3W-040s,45,7,223.6
red-He-Ne,lens-3W-040s,46,8,223.6
red-He-Ne,lens-3W-040s,47,9,234.0
red-He-Ne,lens-3W-040s,48,10,234.0
red-He-Ne,lens-3W-040s,49,11,239.20000000000002
red-He-Ne,lens-3W-040s,50,12,239.20000000000002
red-He-Ne,lens-3W-040s,51,13,244.4
red-He-Ne,lens-3W-040s,52,14,249.60000000000002
red-He-Ne,lens-3W-040s,53,15,254.8
red-He-Ne,lens-3W-040s,54,16,254.8
red-He-Ne,lens-3W-040s,55,17,254.8
red-He-Ne,lens-3W-040s,56,18,260.0
red-He-Ne,lens-3W-040s,57,19,260.0
red-He-Ne,lens-3W-040s,58,20,265.2
red-He-Ne,lens-3W-040s,59,21,265.2
red-He-Ne,lens-3W-040s,60,22,270.40000000000003
red-He-Ne,lens-3W-040s,61,23,280.8
red-He-Ne,lens-3W-040s,62,24,286.0
red-He-Ne,lens-3W-040s,63,25,286.0
red-He-Ne,lens-3W-040s,64,26,286.0
red-He-Ne,lens-3W-040s,65,27,296.40000000000003
red-He-Ne,lens-3W-040s,66,28,296.40000000000003
red-He-Ne,lens-3W-040s,67,29,301.6
red-He-Ne,lens-3W-040s,68,30,296.40000000000003
red-He-Ne,lens-3W-040s,69,31,291.2
red-He-Ne,lens-3W-040s,70,32,312.0
red-He-Ne,lens-3W-040s,71,33,312.0
red-He-Ne,lens-3W-040s,72,34,312.0
red-He-Ne,lens-3W-040s,73,35,312.0
red-He-Ne,lens-3W-040s,74,36,322.40000000000003
red-He-Ne,lens-3W-040s,75,37,322.40000000000003
red-He-Ne,lens-3W-040s,76,38,322.40000000000003
red-He-Ne,lens-3W-040s,77,39,327.6
red-He-Ne,lens-3W-040s,78,40,343.2
red-He-Ne,lens-3W-040s,79,41,343.2
red-He-Ne,lens-3W-040s,80,42,348.40000000000003
red-He-Ne,lens-3W-040s,81,43,348.40000000000003
red-He-Ne,lens-3W-040s,82,44,358.8
red-He-Ne,lens-3W-040s,83,45,353.6
red-He-Ne,lens-3W-040s,84,46,369.2
red-He-Ne,lens-3W-040s,85,47,369.2
red-He-Ne,lens-3W-040s,86,48,374.40000000000003
red-He-Ne,lens-3W-040s,87,49,374.40000000000003
red-He-Ne,lens-3W-040s,88,50,379.6
red-He-Ne,lens-3W-040s,89,51,390.0
red-He-Ne,lens-3W-040s,90,52,390.0
red-He-Ne,lens-3W-040s,91,53,395.2
red-He-Ne,lens-3W-040s,92,54,400.40000000000003
red-He-Ne,lens-3W-040s,93,55,379.6
red-He-Ne,lens-3W-040s,94,56,390.0
red-He-Ne,lens-3W-040s,95,57,405.6
red-He-Ne,lens-3W-040s,96,58,400.40000000000003
red-He-Ne,lens-3W-040s,97,59,410.8
red-He-Ne,lens-3W-040s,98,60,405.6
red-He-Ne,lens-3W-040s,99,61,405.6
red-He-Ne,lens-3W-060s,39,1,176.8
red-He-Ne,lens-3W-060s,40,2,182.0
red-He-Ne,lens-3W-060s,41,3,187.20000000000002
red-He-Ne,lens-3W-060s,42,4,192.4
red-He-Ne,lens-3W-060s,43,5,197.6
red-He-Ne,lens-3W-060s,44,6,197.6
red-He-Ne,lens-3W-060s,45,7,202.8
red-He-Ne,lens-3W-060s,46,8,202.8
red-He-Ne,lens-3W-060s,47,9,208.0
red-He-Ne,lens-3W-060s,48,10,208.0
red-He-Ne,lens-3W-060s,49,11,218.4
red-He-Ne,lens-3W-060s,50,12,213.20000000000002
red-He-Ne,lens-3W-060s,51,13,213.20000000000002
red-He-Ne,lens-3W-060s,52,14,213.20000000000002
red-He-Ne,lens-3W-060s,53,15,218.4
red-He-Ne,lens-3W-060s,54,16,218.4
red-He-Ne,lens-3W-060s,55,17,223.6
red-He-Ne,lens-3W-060s,56,18,228.8
red-He-Ne,lens-3W-060s,57,19,228.8
red-He-Ne,lens-3W-060s,58,20,234.0
red-He-Ne,lens-3W-060s,59,21,234.0
red-He-Ne,lens-3W-060s,60,22,244.4
red-He-Ne,lens-3W-060s,61,23,239.20000000000002
red-He-Ne,lens-3W-060s,62,24,249.60000000000002
red-He-Ne,lens-3W-060s,63,25,249.60000000000002
red-He-Ne,lens-3W-060s,64,26,254.8
red-He-Ne,lens-3W-060s,65,27,249.60000000000002
red-He-Ne,lens-3W-060s,66,28,249.60000000000002
red-He-Ne,lens-3W-060s,67,29,254.8
red-He-Ne,lens-3W-060s,68,30,254.8
red-He-Ne,lens-3W-060s,69,31,254.8
red-He-Ne,lens-3W-060s,70,32,260.0
red-He-Ne,lens-3W-060s,71,33,260.0
red-He-Ne,lens-3W-060s,72,34,265.2
red-He-Ne,lens-3W-060s,73,35,265.2
red-He-Ne,lens-3W-060s,74,36,265.2
red-He-Ne,lens-3W-060s,75,37,270.40000000000003
red-He-Ne,lens-3W-060s,76,38,270.40000000000003
red-He-Ne,lens-3W-060s,77,39,280.8
red-He-Ne,lens-3W-060s,78,40,286.0
red-He-Ne,lens-3W-060s,79,41,291.2
red-He-Ne,lens-3W-060s,80,42,291.2
red-He-Ne,lens-3W-060s,81,43,296.40000000000003
red-He-Ne,lens-3W-060s,82,44,301.6
red-He-Ne,lens-3W-060s,83,45,306.8
red-He-Ne,lens-3W-060s,84,46,306.8
red-He-Ne,lens-3W-060s,85,47,312.0
red-He-Ne,lens-3W-060s,86,48,317.2
red-He-Ne,lens-3W-060s,87,49,312.0
red-He-Ne,lens-3W-060s,88,50,317.2
red-He-Ne,lens-3W-060s,89,51,322.40000000000003
red-He-Ne,lens-3W-060s,90,52,322.40000000000003
red-He-Ne,lens-3W-060s,91,53,327.6
red-He-Ne,lens-3W-060s,92,54,317.2
red-He-Ne,lens-3W-060s,93,55,322.40000000000003
red-He-Ne,lens-3W-060s,94,56,332.8
red-He-Ne,lens-3W-060s,95,57,327.6
red-He-Ne,lens-3W-060s,96,58,343.2
red-He-Ne,lens-3W-060s,97,59,338.0
red-He-Ne,lens-3W-060s,98,60,338.0
red-He-Ne,lens-3W-060s,99,61,338.0
red-He-Ne,lens-3W-080s,39,1,171.6
red-He-Ne,lens-3W-080s,40,2,176.8
red-He-Ne,lens-3W-080s,41,3,176.8
red-He-Ne,lens-3W-080s,42,4,182.0
red-He-Ne,lens-3W-080s,43,5,182.0
red-He-Ne,lens-3W-080s,44,6,187.20000000000002
red-He-Ne,lens-3W-080s,45,7,187.20000000000002
red-He-Ne,lens-3W-080s,46,8,192.4
red-He-Ne,lens-3W-080s,47,9,192.4
red-He-Ne,lens-3W-080s,48,10,202.8
red-He-Ne,lens-3W-080s,49,11,202.8
red-He-Ne,lens-3W-080s,50,12,208.0
red-He-Ne,lens-3W-080s,51,13,213.20000000000002
red-He-Ne,lens-3W-080s,52,14,218.4
red-He-Ne,lens-3W-080s,53,15,213.20000000000002
red-He-Ne,lens-3W-080s,54,16,218.4
red-He-Ne,lens-3W-080s,55,17,223.6
red-He-Ne,lens-3W-080s,56,18,223.6
red-He-Ne,lens-3W-080s,57,19,228.8
red-He-Ne,lens-3W-080s,58,20,228.8
red-He-Ne,lens-3W-080s,59,21,234.0
red-He-Ne,lens-3W-080s,60,22,234.0
red-He-Ne,lens-3W-080s,61,23,239.20000000000002
red-He-Ne,lens-3W-080s,62,24,244.4
red-He-Ne,lens-3W-080s,63,25,244.4
red-He-Ne,lens-3W-080s,64,26,249.60000000000002
red-He-Ne,lens-3W-080s,65,27,249.60000000000002
red-He-Ne,lens-3W-080s,66,28,249.60000000000002
red-He-Ne,lens-3W-080s,67,29,254.8
red-He-Ne,lens-3W-080s,68,30,260.0
red-He-Ne,lens-3W-080s,69,31,260.0
red-He-Ne,lens-3W-080s,70,32,265.2
red-He-Ne,lens-3W-080s,71,33,270.40000000000003
red-He-Ne,lens-3W-080s,72,34,270.40000000000003
red-He-Ne,lens-3W-080s,73,35,275.6
red-He-Ne,lens-3W-080s,74,36,270.40000000000003
red-He-Ne,lens-3W-080s,75,37,270.40000000000003
red-He-Ne,lens-3W-080s,76,38,280.8
red-He-Ne,lens-3W-080s,77,39,280.8
red-He-Ne,lens-3W-080s,78,40,280.8
red-He-Ne,lens-3W-080s,79,41,286.0
red-He-Ne,lens-3W-080s,80,42,291.2
red-He-Ne,lens-3W-080s,81,43,296.40000000000003
red-He-Ne,lens-3W-080s,82,44,296.40000000000003
red-He-Ne,lens-3W-080s,83,45,301.6
red-He-Ne,lens-3W-080s,84,46,306.8
red-He-Ne,lens-3W-080s,85,47,301.6
red-He-Ne,lens-3W-080s,86,48,306.8
red-He-Ne,lens-3W-080s,87,49,312.0
red-He-Ne,lens-3W-080s,88,50,312.0
red-He-Ne,lens-3W-080s,89,51,312.0
red-He-Ne,lens-3W-080s,90,52,322.40000000000003
red-He-Ne,lens-3W-080s,91,53,317.2
red-He-Ne,lens-3W-080s,92,54,317.2
red-He-Ne,lens-3W-080s,93,55,322.40000000000003
red-He-Ne,lens-3W-080s,94,56,322.40000000000003
red-He-Ne,lens-3W-080s,95,57,322.40000000000003
red-He-Ne,lens-3W-080s,96,58,327.6
red-He-Ne,lens-3W-080s,97,59,327.6
red-He-Ne,lens-3W-080s,98,60,332.8
red-He-Ne,lens-3W-080s,99,61,322.40000000000003
red-He-Ne,lens-3W-100s,39,1,166.4
red-He-Ne,lens-3W-100s,40,2,171.6
red-He-Ne,lens-3W-100s,41,3,166.4
red-He-Ne,lens-3W-100s,42,4,171.6
red-He-Ne,lens-3W-100s,43,5,171.6
red-He-Ne,lens-3W-100s,44,6,176.8
red-He-Ne,lens-3W-100s,45,7,176.8
red-He-Ne,lens-3W-100s,46,8,182.0
red-He-Ne,lens-3W-100s,47,9,187.20000000000002
red-He-Ne,lens-3W-100s,48,10,182.0
red-He-Ne,lens-3W-100s,49,11,192.4
red-He-Ne,lens-3W-100s,50,12,192.4
red-He-Ne,lens-3W-100s,51,13,192.4
red-He-Ne,lens-3W-100s,52,14,197.6
red-He-Ne,lens-3W-100s,53,15,197.6
red-He-Ne,lens-3W-100s,54,16,202.8
red-He-Ne,lens-3W-100s,55,17,202.8
red-He-Ne,lens-3W-100s,56,18,202.8
red-He-Ne,lens-3W-100s,57,19,208.0
red-He-Ne,lens-3W-100s,58,20,213.20000000000002
red-He-Ne,lens-3W-100s,59,21,218.4
red-He-Ne,lens-3W-100s,60,22,218.4
red-He-Ne,lens-3W-100s,61,23,228.8
red-He-Ne,lens-3W-100s,62,24,228.8
red-He-Ne,lens-3W-100s,63,25,234.0
red-He-Ne,lens-3W-100s,64,26,234.0
red-He-Ne,lens-3W-100s,65,27,239.20000000000002
red-He-Ne,lens-3W-100s,66,28,244.4
red-He-Ne,lens-3W-100s,67,29,249.60000000000002
red-He-Ne,lens-3W-100s,68,30,244.4
red-He-Ne,lens-3W-100s,69,31,249.60000000000002
red-He-Ne,lens-3W-100s,70,32,249.60000000000002
red-He-Ne,lens-3W-100s,71,33,249.60000000000002
red-He-Ne,lens-3W-100s,72,34,249.60000000000002
red-He-Ne,lens-3W-100s,73,35,249.60000000000002
red-He-Ne,lens-3W-100s,74,36,254.8
red-He-Ne,lens-3W-100s,75,37,254.8
red-He-Ne,lens-3W-100s,76,38,265.2
red-He-Ne,lens-3W-100s,77,39,265.2
red-He-Ne,lens-3W-100s,78,40,270.40000000000003
red-He-Ne,lens-3W-100s,79,41,270.40000000000003
red-He-Ne,lens-3W-100s,80,42,270.40000000000003
red-He-Ne,lens-3W-100s,81,43,270.40000000000003
red-He-Ne,lens-3W-100s,82,44,275.6
red-He-Ne,lens-3W-100s,83,45,280.8
red-He-Ne,lens-3W-100s,84,46,291.2
red-He-Ne,lens-3W-100s,85,47,296.40000000000003
red-He-Ne,lens-3W-100s,86,48,291.2
red-He-Ne,lens-3W-100s,87,49,291.2
red-He-Ne,lens-3W-100s,88,50,296.40000000000003
red-He-Ne,lens-3W-100s,89,51,306.8
red-He-Ne,lens-3W-100s,90,52,301.6
red-He-Ne,lens-3W-100s,91,53,301.6
red-He-Ne,lens-3W-100s,92,54,301.6
red-He-Ne,lens-3W-100s,93,55,312.0
red-He-Ne,lens-3W-100s,94,56,312.0
red-He-Ne,lens-3W-100s,95,57,312.0
red-He-Ne,lens-3W-100s,96,58,317.2
red-He-Ne,lens-3W-100s,97,59,317.2
red-He-Ne,lens-3W-100s,98,60,312.0
red-He-Ne,lens-3W-100s,99,61,312.0
red-He-Ne,noSample,39,1,1133.6000000000001
red-He-Ne,noSample,40,2,1138.8
red-He-Ne,noSample,41,3,1118.0
red-He-Ne,noSample,42,4,1138.8
red-He-Ne,noSample,43,5,1138.8
red-He-Ne,noSample,44,6,1133.6000000000001
red-He-Ne,noSample,45,7,1138.8
red-He-Ne,noSample,46,8,1133.6000000000001
red-He-Ne,noSample,47,9,1144.0
red-He-Ne,noSample,48,10,1144.0
red-He-Ne,noSample,49,11,1138.8
red-He-Ne,noSample,50,12,1144.0
red-He-Ne,noSample,51,13,1138.8
red-He-Ne,noSample,52,14,1154.4
red-He-Ne,noSample,53,15,1154.4
red-He-Ne,noSample,54,16,1170.0
red-He-Ne,noSample,55,17,1170.0
red-He-Ne,noSample,56,18,1159.6000000000001
red-He-Ne,noSample,57,19,1170.0
red-He-Ne,noSample,58,20,1170.0
red-He-Ne,noSample,59,21,1180.4
red-He-Ne,noSample,60,22,1149.2
red-He-Ne,noSample,61,23,1164.8
red-He-Ne,noSample,62,24,1144.0
red-He-Ne,noSample,63,25,1164.8
red-He-Ne,noSample,64,26,1164.8
red-He-Ne,noSample,65,27,1164.8
red-He-Ne,noSample,66,28,1164.8
red-He-Ne,noSample,67,29,1164.8
red-He-Ne,noSample,68,30,1180.4
red-He-Ne,noSample,69,31,1180.4
red-He-Ne,noSample,70,32,1170.0
red-He-Ne,noSample,71,33,1180.4
red-He-Ne,noSample,72,34,1185.6000000000001
red-He-Ne,noSample,73,35,1180.4
red-He-Ne,noSample,74,36,1185.6000000000001
red-He-Ne,noSample,75,37,1190.8
red-He-Ne,noSample,76,38,1180.4
red-He-Ne,noSample,77,39,1180.4
red-He-Ne,noSample,78,40,1180.4
red-He-Ne,noSample,79,41,1180.4
red-He-Ne,noSample,80,42,1185.6000000000001
red-He-Ne,noSample,81,43,1190.8
red-He-Ne,noSample,82,44,1180.4
red-He-Ne,noSample,83,45,1190.8
red-He-Ne,noSample,84,46,1185.6000000000001
red-He-Ne,noSample,85,47,1201.2
red-He-Ne,noSample,86,48,1180.4
red-He-Ne,noSample,87,49,1196.0
red-He-Ne,noSample,88,50,1196.0
red-He-Ne,noSample,89,51,1196.0
red-He-Ne,noSample,90,52,1180.4
red-He-Ne,noSample,91,53,1185.6000000000001
red-He-Ne,noSample,92,54,1185.6000000000001
red-He-Ne,noSample,93,55,1185.6000000000001
red-He-Ne,noSample,94,56,1185.6000000000001
red-He-Ne,noSample,95,57,1206.4
red-He-Ne,noSample,96,58,1196.0
red-He-Ne,noSample,97,59,1190.8
red-He-Ne,noSample,98,60,1196.0
red-He-Ne,noSample,99,61,1196.0
red-He-Ne,pinhole-200mum,39,1,494.0
red-He-Ne,pinhole-200mum,40,2,499.20000000000005
red-He-Ne,pinhole-200mum,41,3,530.4
red-He-Ne,pinhole-200mum,42,4,530.4
red-He-Ne,pinhole-200mum,43,5,546.0
red-He-Ne,pinhole-200mum,44,6,556.4
red-He-Ne,pinhole-200mum,45,7,572.0
red-He-Ne,pinhole-200mum,46,8,572.0
red-He-Ne,pinhole-200mum,47,9,582.4
red-He-Ne,pinhole-200mum,48,10,598.0
red-He-Ne,pinhole-200mum,49,11,613.6
red-He-Ne,pinhole-200mum,50,12,603.2
red-He-Ne,pinhole-200mum,51,13,629.2
red-He-Ne,pinhole-200mum,52,14,634.4
red-He-Ne,pinhole-200mum,53,15,655.2
red-He-Ne,pinhole-200mum,54,16,655.2
red-He-Ne,pinhole-200mum,55,17,670.8000000000001
red-He-Ne,pinhole-200mum,56,18,676.0
red-He-Ne,pinhole-200mum,57,19,686.4
red-He-Ne,pinhole-200mum,58,20,702.0
red-He-Ne,pinhole-200mum,59,21,717.6
red-He-Ne,pinhole-200mum,60,22,722.8000000000001
red-He-Ne,pinhole-200mum,61,23,743.6
red-He-Ne,pinhole-200mum,62,24,743.6
red-He-Ne,pinhole-200mum,63,25,754.0
red-He-Ne,pinhole-200mum,64,26,774.8000000000001
red-He-Ne,pinhole-200mum,65,27,780.0
red-He-Ne,pinhole-200mum,66,28,790.4
red-He-Ne,pinhole-200mum,67,29,795.6
red-He-Ne,pinhole-200mum,68,30,816.4
red-He-Ne,pinhole-200mum,69,31,811.2
red-He-Ne,pinhole-200mum,70,32,852.8000000000001
red-He-Ne,pinhole-200mum,71,33,858.0
red-He-Ne,pinhole-200mum,72,34,878.8000000000001
red-He-Ne,pinhole-200mum,73,35,884.0
red-He-Ne,pinhole-200mum,74,36,894.4
red-He-Ne,pinhole-200mum,75,37,889.2
red-He-Ne,pinhole-200mum,76,38,910.0
red-He-Ne,pinhole-200mum,77,39,920.4
red-He-Ne,pinhole-200mum,78,40,925.6
red-He-Ne,pinhole-200mum,79,41,920.4
red-He-Ne,pinhole-200mum,80,42,941.2
red-He-Ne,pinhole-200mum,81,43,936.0
red-He-Ne,pinhole-200mum,82,44,951.6
red-He-Ne,pinhole-200mum,83,45,941.2
red-He-Ne,pinhole-200mum,84,46,972.4
red-He-Ne,pinhole-200mum,85,47,988.0
red-He-Ne,pinhole-200mum,86,48,1029.6000000000001
red-He-Ne,pinhole-200mum,87,49,1014.0
red-He-Ne,pinhole-200mum,88,50,1019.2
red-He-Ne,pinhole-200mum,89,51,1034.8
red-He-Ne,pinhole-200mum,90,52,1071.2
red-He-Ne,pinhole-200mum,91,53,1071.2
red-He-Ne,pinhole-200mum,92,54,1066.0
red-He-Ne,pinhole-200mum,93,55,1076.4
red-He-Ne,pinhole-200mum,94,56,1086.8
red-He-Ne,pinhole-200mum,95,57,1097.2
red-He-Ne,pinhole-200mum,96,58,1097.2
red-He-Ne,pinhole-200mum,97,59,1149.2
red-He-Ne,pinhole-200mum,98,60,1133.6000000000001
red-He-Ne,pinhole-200mum,99,61,1133.6000000000001
